{"stats":{"minecraft:mined":{"minecraft:dark_oak_fence":1},"minecraft:used":{"minecraft:stone_sword":11},"minecraft:killed_by":{"minecraft:vindicator":1},"minecraft:picked_up":{"minecraft:armor_stand":1,"minecraft:leather_boots":1,"minecraft:arrow":1,"minecraft:tripwire_hook":1,"minecraft:leather_leggings":1,"minecraft:iron_helmet":1,"minecraft:dark_oak_fence":1},"minecraft:custom":{"minecraft:open_barrel":1,"minecraft:time_since_rest":4099,"minecraft:damage_taken":450,"minecraft:sprint_one_cm":9738,"lootr:looted_stat":3,"minecraft:play_time":5740,"minecraft:deaths":1,"minecraft:walk_one_cm":20642,"minecraft:mob_kills":1,"minecraft:jump":66,"minecraft:damage_dealt":215,"minecraft:leave_game":3,"minecraft:time_since_death":4078,"minecraft:total_world_time":5740,"minecraft:hex":0,"minecraft:fall_one_cm":2585,"minecraft:fly_one_cm":14952},"minecraft:killed":{"minecraft:pillager":1}},"DataVersion":3465}