{"stats":{"minecraft:mined":{"minecraft:hay_block":1,"minecraft:wheat":2,"minecraft:dark_oak_fence":1,"minecraft:grass_block":1},"minecraft:used":{"minecraft:apple":12,"minecraft:stone_sword":4,"minecraft:iron_pickaxe":3,"simplyswords:diamond_greathammer":87},"minecraft:killed_by":{"minecraft:zombie":2},"minecraft:dropped":{"minecraft:iron_sword":1,"minecraft:shield":2,"minecraft:brown_mushroom":3,"minecraft:wheat_seeds":64,"minecraft:wheat":14,"simplyswords:diamond_greathammer":1,"simplyswords:diamond_scythe":1,"minecraft:iron_pickaxe":2},"minecraft:picked_up":{"minecraft:wheat":14,"minecraft:brown_mushroom":3,"minecraft:shield":2,"minecraft:dirt":1,"simplyswords:diamond_greathammer":1,"minecraft:arrow":5,"minecraft:bone":5,"minecraft:rotten_flesh":11,"minecraft:diamond_chestplate":1,"minecraft:wheat_seeds":120,"minecraft:hay_block":2,"fishofthieves:earthworms":1,"minecraft:iron_pickaxe":2,"minecraft:brown_banner":1,"minecraft:dark_oak_fence":1,"minecraft:egg":2},"minecraft:custom":{"minecraft:time_since_rest":13248,"lootr:looted_stat":14,"minecraft:sprint_one_cm":110359,"minecraft:damage_taken":1049,"minecraft:walk_one_cm":65828,"minecraft:mob_kills":10,"minecraft:drop":12,"minecraft:damage_dealt":1860,"minecraft:swim_one_cm":4720,"minecraft:fly_one_cm":62759,"minecraft:open_barrel":2,"minecraft:crouch_one_cm":385,"minecraft:play_time":24060,"minecraft:deaths":2,"minecraft:sneak_time":96,"minecraft:walk_under_water_one_cm":564,"minecraft:jump":313,"minecraft:damage_dealt_resisted":0,"minecraft:walk_on_water_one_cm":1680,"minecraft:time_since_death":13218,"minecraft:climb_one_cm":1072,"minecraft:total_world_time":24060,"minecraft:hex":0,"minecraft:fall_one_cm":10585},"minecraft:killed":{"minecraft:skeleton":4,"minecraft:zombie":5,"minecraft:witch":1}},"DataVersion":3465}