{"stats":{"minecraft:mined":{"minecraft:hay_block":1,"minecraft:wheat":2,"minecraft:dark_oak_fence":1,"minecraft:grass_block":1},"minecraft:used":{"minecraft:apple":11,"minecraft:stone_sword":4,"minecraft:iron_pickaxe":3,"simplyswords:diamond_greathammer":81},"minecraft:killed_by":{"minecraft:zombie":2},"minecraft:dropped":{"minecraft:iron_sword":1,"minecraft:brown_mushroom":1,"minecraft:wheat_seeds":64,"minecraft:wheat":14,"simplyswords:diamond_greathammer":1,"simplyswords:diamond_scythe":1,"minecraft:iron_pickaxe":2},"minecraft:picked_up":{"minecraft:wheat":14,"minecraft:brown_mushroom":1,"minecraft:dirt":1,"simplyswords:diamond_greathammer":1,"minecraft:arrow":5,"minecraft:bone":3,"minecraft:rotten_flesh":9,"minecraft:diamond_chestplate":1,"minecraft:wheat_seeds":120,"minecraft:hay_block":2,"fishofthieves:earthworms":1,"minecraft:iron_pickaxe":1,"minecraft:brown_banner":1,"minecraft:dark_oak_fence":1,"minecraft:egg":2},"minecraft:custom":{"minecraft:time_since_rest":10207,"lootr:looted_stat":13,"minecraft:sprint_one_cm":91553,"minecraft:damage_taken":992,"minecraft:walk_one_cm":43486,"minecraft:mob_kills":9,"minecraft:drop":8,"minecraft:damage_dealt":1557,"minecraft:fly_one_cm":28263,"minecraft:open_barrel":2,"minecraft:play_time":21019,"minecraft:deaths":2,"minecraft:sneak_time":22,"minecraft:jump":200,"minecraft:damage_dealt_resisted":0,"minecraft:time_since_death":10177,"minecraft:climb_one_cm":1072,"minecraft:total_world_time":21019,"minecraft:hex":0,"minecraft:fall_one_cm":7002},"minecraft:killed":{"minecraft:skeleton":3,"minecraft:zombie":5,"minecraft:witch":1}},"DataVersion":3465}