{"stats":{"minecraft:used":{"minecraft:stone_sword":29},"minecraft:picked_up":{"minecraft:chainmail_chestplate":1,"minecraft:armor_stand":1,"minecraft:arrow":2,"minecraft:emerald":3},"minecraft:custom":{"minecraft:jump":48,"minecraft:leave_game":1,"minecraft:time_since_rest":3435,"lootr:looted_stat":1,"minecraft:damage_dealt":765,"minecraft:crouch_one_cm":642,"minecraft:sprint_one_cm":8146,"minecraft:play_time":3435,"minecraft:damage_taken":75,"minecraft:time_since_death":3435,"minecraft:walk_one_cm":22362,"minecraft:climb_one_cm":411,"minecraft:sneak_time":243,"minecraft:total_world_time":3435,"minecraft:hex":0,"minecraft:mob_kills":3,"minecraft:fall_one_cm":1316,"minecraft:fly_one_cm":10840},"minecraft:killed":{"minecraft:pillager":3}},"DataVersion":3465}