{"stats":{"minecraft:mined":{"minecraft:hay_block":13,"minecraft:wheat":108,"croptopia:pear_crop":1,"minecraft:lilac":1,"minecraft:grass":1,"minecraft:grass_block":3,"minecraft:tall_grass":1,"minecraft:oak_leaves":1},"minecraft:used":{"minecraft:stone_sword":76,"simplyswords:diamond_scythe":102,"minecraft:bread":10,"minecraft:shield":14,"simplyswords:diamond_greathammer":1,"minecraft:rotten_flesh":2,"fishofthieves:earthworms":6,"minecraft:dirt":22,"minecraft:potion":1,"croptopia:pear":1},"minecraft:picked_up":{"minecraft:wheat":110,"minecraft:allium":1,"minecraft:chicken":1,"minecraft:brown_mushroom":1,"minecraft:dandelion":1,"minecraft:chainmail_chestplate":1,"bewitchment:aconite_seeds":2,"minecraft:dirt":22,"minecraft:lantern":2,"simplyswords:diamond_scythe":1,"simplyswords:diamond_greathammer":1,"minecraft:armor_stand":1,"croptopia:pear":1,"minecraft:arrow":2,"minecraft:rotten_flesh":4,"minecraft:sea_pickle":2,"minecraft:wheat_seeds":226,"minecraft:hay_block":12,"fishofthieves:earthworms":6,"minecraft:spruce_sign":1,"minecraft:emerald":3,"minecraft:iron_pickaxe":2,"minecraft:iron_sword":1,"minecraft:iron_boots":1,"minecraft:egg":1},"minecraft:dropped":{"bewitchment:aconite_seeds":2,"minecraft:spruce_sign":1,"minecraft:brown_mushroom":1,"minecraft:sea_pickle":2,"minecraft:wheat_seeds":241,"minecraft:allium":1,"minecraft:glass_bottle":1,"minecraft:rotten_flesh":2,"simplyswords:diamond_greathammer":1,"minecraft:iron_boots":1,"minecraft:iron_pickaxe":1,"minecraft:dandelion":1},"minecraft:custom":{"minecraft:time_since_rest":58127,"lootr:looted_stat":13,"minecraft:sprint_one_cm":64374,"minecraft:damage_taken":704,"minecraft:walk_one_cm":158063,"minecraft:damage_blocked_by_shield":690,"minecraft:mob_kills":10,"minecraft:drop":18,"minecraft:damage_dealt":2648,"minecraft:fly_one_cm":91905,"minecraft:play_time":58127,"minecraft:crouch_one_cm":3675,"minecraft:sneak_time":1137,"minecraft:damage_dealt_resisted":0,"minecraft:jump":583,"minecraft:interact_with_stonecutter":1,"minecraft:leave_game":3,"minecraft:walk_on_water_one_cm":205,"minecraft:time_since_death":58127,"minecraft:total_world_time":58127,"minecraft:climb_one_cm":1731,"minecraft:hex":0,"minecraft:fall_one_cm":14602},"minecraft:killed":{"minecraft:pillager":3,"minecraft:zombie":5,"graveyard:ghoul":1}},"DataVersion":3465}